"Date","Author","Verified","Helpful","Title","Body","Rating","Images","Videos","URL","Variation","Style"
"Reviewed in the United States on August 24, 2021","kaceylee","yes","yes","Please Be Careful. Ended up in hospital","Stuck to 4.5 year olds inside of ear. We tried to remove but child was nervous about us touching his ear. Went to ER same night and they pushed it deeper. Went to ENT and he could not get it out. At this point close to our child‚Äôs ear drum. We ended up having to sedate a young child as advised by specialist to remove. Terrible time to have to go to the hospital during high cases of COVID. Then, we had to wait bc of limited availability. So this stone was stuck in his ear for a few days causing bleeding and pain. I don‚Äôt advise unless this is for a teenager and no small kids around.",1,"-","-","https://www.amazon.com/gp/customer-reviews/R2WJSHSJ4ET3LY/ref=cm_cr_getr_d_rvw_ttl?ie=UTF8&ASIN=B07ZKTBGR2","-","-"
"Reviewed in the United States on May 29, 2020","Pua","yes","yes","Fun, easy and not worth it","My daughter requested this for her birthday. Honestly it‚Äôs just sparkly 3D stickers. With a fancy thing to stamp it on but really you could just peel it off with your finger and stick it anywhere‚Äôs adhesive doesn‚Äôt last long so these don‚Äôt stick to clothes/fabric/shoes etc very long. It lasts a day and the. You have them all over your house üò≠. My daughter enjoyed it though but after she used all the stickies in a couple days , it‚Äôs pretty much useless now. The refills just aren‚Äôt worth it",3,"-","-","https://www.amazon.com/gp/customer-reviews/R2DEWP2EE48ZAB/ref=cm_cr_getr_d_rvw_ttl?ie=UTF8&ASIN=B07ZKTBGR2","-","-"
"Reviewed in the United States on October 7, 2020","JL JacksonJL Jackson","yes","yes","Not just for kids! perfect to glam up a normal hairstyle","I am obsessed with this product! I got it for a themed day and it was so simple to set up and use. The gems are sticky which I thought was much less damaging to my hair than if they were staples and they stayed in for over 8 hours until I removed them. They were so cute and because they are sticky you can put them other places like on my face in the photo! loved these",5,"https://images-na.ssl-images-amazon.com/images/I/71cBsnuahFL.jpg","-","https://www.amazon.com/gp/customer-reviews/R2KZY8TG7BUVZB/ref=cm_cr_getr_d_rvw_ttl?ie=UTF8&ASIN=B07ZKTBGR2","-","-"
"Reviewed in the United States on December 29, 2020","Majen","yes","yes","Girls love easy to use Blinger!","The media could not be loaded.                 ¬†The Blinger was a gift for my daughter.  The first time I had seen one of these, a friend of hers had brought one to school and she came home with gems on her with a stickiness that seemed to last and last after she had taken it off and stuck it on her forehead, nose and hair.  She then asked for one and my thought was why not if the stones stick that well and for that long even after resticking them.  The Blinger is very easy to use and came with a good amount of gems.  Keep in mind if you walk away from your child without a quick chat first, they can stick them to everything pretty fast and be out of them and ready to ask for more real quick.  My only complaint so far is opening the Blinger to put the disks in.  The instructions say to just pretty much pull it apart. It seems like it‚Äôs going to break doing that so, as you can see in the video, I hook my nails in the clear plastic to pull it apart.  It‚Äôs awkward but it feels less like I‚Äôm going to break the Blinger.  Overall I think it was a good buy and a good gift for my daughter.  She enjoys adding Bling to her hair, shoes, hats, and backpack.  We liked it so much we purchased one for my niece as well!",5,"-","-","https://www.amazon.com/gp/customer-reviews/R333RE6I8JYNNY/ref=cm_cr_getr_d_rvw_ttl?ie=UTF8&ASIN=B07ZKTBGR2","-","-"
"Reviewed in the United States on May 1, 2020","Amazon Customer","yes","yes","Fun","My four year old seen this on some YouTube video and asked me for it everyday for a week. I got it for her and put it in her Easter basket. It works great on thinner surfaces where you can put the fabric though and snap it. But honestly my daughter was over it pretty quick and just took off the little studs and did it by hand. We did our hair, her camera, and even her backpack. Fun and a bedazzle flashback from my time. Lol.",5,"-","-","https://www.amazon.com/gp/customer-reviews/R369WYWDCIIH1W/ref=cm_cr_getr_d_rvw_ttl?ie=UTF8&ASIN=B07ZKTBGR2","-","-"
"Reviewed in the United States on October 16, 2020","Echobeauty","yes","yes","Full of pizzazz!!!","Perfect starter kit for any youngster who has a love for pizzazz. Purchased as a gift for a bedazzling 12-year old. Jewels stick very well to practically anything (hair, fabrics, books, etc) and we haven't encountered any problems. The jewels are easily removed from hair by simply combing it out. Instead of throwing out the jewels though, suggest reusing them on books, phone cases and almost anything they want to add sparkle to. They'll go thru the jewel packs like crazy so I highly recommend buying additional jewel packs.NOTE TO PARENTS :: If you don't want it bedazzled, HIDE IT! My niece took to my wallet & fully bedazzled it. It looked like the football from the movie ""The Game Plan."" Wish I took a picture before plucking off the jewels. All in all, it's a great kit that'll make an even better gift.",5,"-","-","https://www.amazon.com/gp/customer-reviews/R3LP465YMDLMER/ref=cm_cr_getr_d_rvw_ttl?ie=UTF8&ASIN=B07ZKTBGR2","-","-"
"Reviewed in the United States on August 13, 2020","J Dubster","yes","yes","My niece loved this","I know some reviewers said this product is cheap, but man...my niece loved it. She thought it was so cool, which makes me look cool. I'm happy. 5 stars.",5,"-","-","https://www.amazon.com/gp/customer-reviews/R2UT3P8MHWNX3T/ref=cm_cr_getr_d_rvw_ttl?ie=UTF8&ASIN=B07ZKTBGR2","-","-"
"Reviewed in the United States on June 30, 2022","Lauren DubinLauren Dubin","yes","yes","Favorite impulse purchase I‚Äôve ever made","These hair gems are my new favorite thing. The gems are easy to take off but at the same time stay on incredibly well. I had them on my hair the entire weekend and I don‚Äôt think a single one fell off! So fun and received compliments everywhere I went.",5,"https://m.media-amazon.com/images/I/71OlpgGmaEL.jpg","-","https://www.amazon.com/gp/customer-reviews/R27Z47DT7902V7/ref=cm_cr_getr_d_rvw_ttl?ie=UTF8&ASIN=B07ZKTBGR2","-","-"
"Reviewed in the United States on July 7, 2022","Lorie BurkLorie Burk","yes","yes","Received a similar knockoff.","Shipping took much longer than expected and then I received a knockoff instead of what was pictured and reviewed. I decided to keep it anyway but I haven‚Äôt used it yet to see if it‚Äôs a comparable product. It‚Äôs just not what I was expecting. Definitely does not have 225 gems as described either.",2,"https://m.media-amazon.com/images/I/61CB-OZ4rvL.jpg , https://m.media-amazon.com/images/I/71S6jZ5iizL.jpg","-","https://www.amazon.com/gp/customer-reviews/RJEEL39XDZIZQ/ref=cm_cr_getr_d_rvw_ttl?ie=UTF8&ASIN=B07ZKTBGR2","-","-"
"Reviewed in the United States on June 6, 2020","Terena RibeiroTerena Ribeiro","yes","yes","Kids loved it","Easy to use.",5,"https://images-na.ssl-images-amazon.com/images/I/81NGKk6gmbL.jpg","-","https://www.amazon.com/gp/customer-reviews/R27BEU6CAW9SUT/ref=cm_cr_getr_d_rvw_ttl?ie=UTF8&ASIN=B07ZKTBGR2","-","-"
"Reviewed in the United States on July 12, 2022","Stephanie VegaStephanie Vega","yes","yes","Tik Tok Made Me Buy It!","I love it but I will say I‚Äôm a bit disappointed that it only came in with 150 gems and not 225 gems like the description states.",4,"https://m.media-amazon.com/images/I/61n780gf7NL.jpg , https://m.media-amazon.com/images/I/7155t6Z8aIL.jpg","-","https://www.amazon.com/gp/customer-reviews/RSB3K7X5HMOHD/ref=cm_cr_getr_d_rvw_ttl?ie=UTF8&ASIN=B07ZKTBGR2","-","-"
"Reviewed in the United States on August 6, 2020","Amazon Customer","yes","yes","Little gems that come with product don‚Äôt work","little gemsdo not work in product. Half of gems in pack are little . Wish it worked or all gems were large kind because 80percent of the large ones work.",1,"-","-","https://www.amazon.com/gp/customer-reviews/R2N6PSS0X1EQT4/ref=cm_cr_getr_d_rvw_ttl?ie=UTF8&ASIN=B07ZKTBGR2","-","-"
"Reviewed in the United States on July 25, 2022","Froina Froina ","yes","yes","Bling bling","So cute def have to buy another one for my daughter. Bought it to heal my inner child plus the uses are unlimited I use it for my hair and body and random objects! I do advise parental supervision they are super sticky crystals that will stick to anything so deff talk to kids about where they are allowed to stick the crystals on!",4,"https://m.media-amazon.com/images/I/71RgSPQbXWL.jpg , https://m.media-amazon.com/images/I/81EltuKSAHL.jpg","-","https://www.amazon.com/gp/customer-reviews/RADJ0OH5X7PHE/ref=cm_cr_getr_d_rvw_ttl?ie=UTF8&ASIN=B07ZKTBGR2","-","-"
"Reviewed in the United States on November 28, 2022","Viktoriia","yes","yes","Nice","Tiktok made me buy it. Its just stickers:)) nothing special but fun",5,"-","-","https://www.amazon.com/gp/customer-reviews/R24EQSVY6IDH2B/ref=cm_cr_getr_d_rvw_ttl?ie=UTF8&ASIN=B07ZKTBGR2","-","-"
"Reviewed in the United States on February 16, 2022","Angel Collins","yes","yes","Neat little gadget","I bought this for my daughter for Christmas & she loves it. It can be used on more than just hair. It's really easy to use or you can take the gems off by hand and stick them on yourself. Of course the area has to be clean and hair needs to be dry. My daughter plays hard at school to the point of her hair is a bit messy when she gets home from a full day at school. The gems are still right where we put them in her hair before she got on the bus. They come out nice and easy too. I was worried about pulling but there was no pulling.",4,"-","-","https://www.amazon.com/gp/customer-reviews/RZVIL46XLMCQ/ref=cm_cr_getr_d_rvw_ttl?ie=UTF8&ASIN=B07ZKTBGR2","-","-"
"Reviewed in the United States on August 5, 2022","Kindle Customer","-","yes","Scam","Changing names, not posting my reviews should of gave me my money back",1,"-","-","https://www.amazon.com/gp/customer-reviews/R1GF9NHBOC15SB/ref=cm_cr_getr_d_rvw_ttl?ie=UTF8&ASIN=B07ZKTBGR2","-","-"
"Reviewed in the United States on July 13, 2020","Diana S","yes","yes","Worth money","My 7yo Granddaughter wanted. More beads that is found in local store. Kept her occupied for a day, and were all used. Beads stay on.",5,"-","-","https://www.amazon.com/gp/customer-reviews/R3GWVT5WYRKRMA/ref=cm_cr_getr_d_rvw_ttl?ie=UTF8&ASIN=B07ZKTBGR2","-","-"
"Reviewed in the United States on July 21, 2022","KailynKailyn","yes","yes","üíïüíï","The media could not be loaded.                 ¬†Not me being an Amazon reviewer!! ok, this product is adorable. Bought it for a rave, obviously. Gems stayed in my hair my entire sweaty day. love love love (don‚Äôt try to rip it apart when loading gems in, there‚Äôs a little lip that will open the section to place the gems. Just apply small pressure.) if u know u know hahaha",5,"https://m.media-amazon.com/images/I/71irLuHkM6L.jpg","-","https://www.amazon.com/gp/customer-reviews/R16KNJLGJCEH8U/ref=cm_cr_getr_d_rvw_ttl?ie=UTF8&ASIN=B07ZKTBGR2","-","-"
"Reviewed in the United States on July 18, 2022","Shanna kiefer","yes","yes","Happy!","I am 32 years old and bought this for the 7 year old I use to be! Lol I wanted one so bad in the early 90‚Äôs now I have one! Favorite purchase ever even if it is WAAAAY over priced for what it is lol üòÇ",5,"-","-","https://www.amazon.com/gp/customer-reviews/R2MPGIIFVN9BLX/ref=cm_cr_getr_d_rvw_ttl?ie=UTF8&ASIN=B07ZKTBGR2","-","-"
"Reviewed in the United States on May 24, 2020","Sueg","yes","yes","Creative fun","Very fun gift for our 6 year old granddaughter. After showing her how to use she was off blinging all kinds of items.",5,"-","-","https://www.amazon.com/gp/customer-reviews/R19356QLIH37C0/ref=cm_cr_getr_d_rvw_ttl?ie=UTF8&ASIN=B07ZKTBGR2","-","-"
"Reviewed in the United States on October 16, 2022","Janilyn Manibusan","yes","yes","So Much Fun","I love this. I am 21 years old and I use this for myself for nights out or celebrations. This could be used for kids and adults. There are lots of gems included and I have yet to run out! I bought this product awhile ago, and it still works just fine! Very giftable for children as well! Hope this helps! :)",5,"-","-","https://www.amazon.com/gp/customer-reviews/R139A6IXHHVK/ref=cm_cr_getr_d_rvw_ttl?ie=UTF8&ASIN=B07ZKTBGR2","-","-"
"Reviewed in the United States on May 14, 2022","Emmi","yes","yes","Blinger ultimate set","My daughter loves this set, so do I. .. it was a great buy, everything works great.. it's a winner üèÜ",5,"-","-","https://www.amazon.com/gp/customer-reviews/R21ZK1HM6FP7KV/ref=cm_cr_getr_d_rvw_ttl?ie=UTF8&ASIN=B07ZKTBGR2","-","-"
"Reviewed in the United States on October 23, 2022","Michael jaber","yes","yes","Big mess","It got all over the furniture.  Sticks to anything, floor, beddings,  couches . Don‚Äôt recommend",1,"-","-","https://www.amazon.com/gp/customer-reviews/R3INNBSJVNPX1M/ref=cm_cr_getr_d_rvw_ttl?ie=UTF8&ASIN=B07ZKTBGR2","-","-"
"Reviewed in the United States on July 5, 2022","Kalie","yes","yes","Bad Bling","Rhinestones stick but had to manually put them on with tweezers. Device does not work as it won‚Äôt dispense the rhinestones. Bought as a birthday gift and was very disappointed. Also I didn‚Äôt realize this item was not eligible for return.",1,"-","-","https://www.amazon.com/gp/customer-reviews/R3RLI5UUO671MV/ref=cm_cr_getr_d_rvw_ttl?ie=UTF8&ASIN=B07ZKTBGR2","-","-"
"Reviewed in the United States on September 2, 2022","G Rosson","yes","yes","Does not work","Did not work in any sense. Old sticker glue, faulty machine. Skip this",1,"-","-","https://www.amazon.com/gp/customer-reviews/R52BZUH2DKKB3/ref=cm_cr_getr_d_rvw_ttl?ie=UTF8&ASIN=B07ZKTBGR2","-","-"
"Reviewed in the United States on October 13, 2022","Breanna Bouchard","yes","yes","Just get sticky rhinestones and put them on your hair","This doesn't work great",1,"-","-","https://www.amazon.com/gp/customer-reviews/R2T5BW9MJSBE22/ref=cm_cr_getr_d_rvw_ttl?ie=UTF8&ASIN=B07ZKTBGR2","-","-"
"Reviewed in the United States on August 2, 2022","Bella Mcive","yes","yes","Did not stick in hair","Wish I could return this. It did not stick in my hair and came off throughout the night.",1,"-","-","https://www.amazon.com/gp/customer-reviews/R3CA2Q6M7U7QUY/ref=cm_cr_getr_d_rvw_ttl?ie=UTF8&ASIN=B07ZKTBGR2","-","-"
"Reviewed in the United States on December 14, 2022","JocelynJocelyn","yes","yes","Hair must have !!!","I saw this on tik tok actually and I knew I just had to buy it to make my hairstyle pop out more. It was easy to use! It comes with different shapes and colors and sizes for the gems. It stayed on for the whole concert ! Must buy for any occasion!",5,"https://m.media-amazon.com/images/I/6104bNzlZBL.jpg , https://m.media-amazon.com/images/I/71Xim0U5vML.jpg","-","https://www.amazon.com/gp/customer-reviews/R869XOSLVS127/ref=cm_cr_getr_d_rvw_ttl?ie=UTF8&ASIN=B07ZKTBGR2","-","-"
"Reviewed in the United States on December 4, 2022","nic hurd","yes","yes","My neice loves them for her birthday","These were a gift but my niece loves them and is going to be using them more now that she is getting older and wants to accessorize her outfits. They are easy to use and a great gift for a growing girl.",5,"-","-","https://www.amazon.com/gp/customer-reviews/RJML11Z954UEF/ref=cm_cr_getr_d_rvw_ttl?ie=UTF8&ASIN=B07ZKTBGR2","-","-"
"Reviewed in the United States on November 22, 2022","Marcos M.","yes","yes","Easy to use","Easy to use love this product, my 5 year old puts this in herself. 10/10 recommend",5,"-","-","https://www.amazon.com/gp/customer-reviews/R1CC317CN0KRLG/ref=cm_cr_getr_d_rvw_ttl?ie=UTF8&ASIN=B07ZKTBGR2","-","-"
"Reviewed in the United States on July 30, 2022","Lisa Marie","yes","yes","You can skip","It‚Äôs better to just buy sicky gems, this is hard to use and it‚Äôs weird",4,"-","-","https://www.amazon.com/gp/customer-reviews/R1EOF3WQGLHKKU/ref=cm_cr_getr_d_rvw_ttl?ie=UTF8&ASIN=B07ZKTBGR2","-","-"
"Reviewed in the United States on August 11, 2022","alondra","yes","yes","so cute!!","was a bit confused initially on how to use the product, but once i figured it out i loved it! super in trend right now and the gems stay on my thick hair.",5,"-","-","https://www.amazon.com/gp/customer-reviews/RJJSL3433118X/ref=cm_cr_getr_d_rvw_ttl?ie=UTF8&ASIN=B07ZKTBGR2","-","-"
"Reviewed in the United States on May 10, 2022","Fix perfectly.","yes","yes","Super cute!","Great birthday gift for my granddaughter. Bought the Blinger for her 9th birthday and she loves it. It really works and the little rhinestones stay attached to the hair perfectly. They are easily removed to whenever you‚Äôre ready to take them out. It‚Äôs a great gift for young girls.",5,"-","-","https://www.amazon.com/gp/customer-reviews/R2UR81SF7OD1XJ/ref=cm_cr_getr_d_rvw_ttl?ie=UTF8&ASIN=B07ZKTBGR2","-","-"
"Reviewed in the United States on August 7, 2022","Amy Park","yes","yes","absolutely obsessed perfect for girls trip to vegas","this product was so easy to use and i got so many compliments i was even able to sleep in the gems !",5,"-","-","https://www.amazon.com/gp/customer-reviews/R15ONR7AUVRHW2/ref=cm_cr_getr_d_rvw_ttl?ie=UTF8&ASIN=B07ZKTBGR2","-","-"
"Reviewed in the United States on June 14, 2022","julie","yes","yes","Love it","Got this for my 14 year old after seeing it on tic tok and she loved it. Works good and gems stay on. Such a cute gift for girls and cute addition to whole outfit look.",5,"-","-","https://www.amazon.com/gp/customer-reviews/R11X4SOVQT5PIC/ref=cm_cr_getr_d_rvw_ttl?ie=UTF8&ASIN=B07ZKTBGR2","-","-"
"Reviewed in the United States on June 26, 2022","Lex","yes","yes","LOVE","Everyone always compliments my hair with these on. I‚Äôm getting them for all my friends and my nieces. Cute gift and fun to do with your gfs",5,"-","-","https://www.amazon.com/gp/customer-reviews/R8I53VDT53A6X/ref=cm_cr_getr_d_rvw_ttl?ie=UTF8&ASIN=B07ZKTBGR2","-","-"
"Reviewed in the United States on June 19, 2022","Emilia DiazEmilia Diaz","yes","yes","So Helpful!!","I Love It ü•∞ Can make any basic and simple hair style pop. Perfect for Big Events like Weddings n Quinceneras.",5,"https://m.media-amazon.com/images/I/61aSmddhhUL.jpg","-","https://www.amazon.com/gp/customer-reviews/R217CXWHZX4RY9/ref=cm_cr_getr_d_rvw_ttl?ie=UTF8&ASIN=B07ZKTBGR2","-","-"
"Reviewed in the United States on January 4, 2022","Nancy L. Troyer","yes","yes","Cute, fun, but not long-lasting","These were purchased as a requested Christmas gift for one of our granddaughters. They are cute & fun, but they fell off skin & hair, fairly easily, fell into the carpet & were not able to be reused, because they wouldn‚Äôt stick well a second time. I didn‚Äôt feel like it was a very durable product & not really worth the cost.",3,"-","-","https://www.amazon.com/gp/customer-reviews/R2I680PR5GTXOA/ref=cm_cr_getr_d_rvw_ttl?ie=UTF8&ASIN=B07ZKTBGR2","-","-"
"Reviewed in the United States on August 30, 2020","Amanda ","yes","yes","Great gift for young girls","My granddaughter loves it and it‚Äôs so easy for her to use however I wish it would have come with better instructions instead we had to YouTube how to use it and how to use it in different ways also it could be better if you could at least reuse the gems a few time before you have to purchase more for the machine, other than that it was packed well and came with a lot of gems. We were very satisfied and I will be purchasing the accessories for Xmas for her. I highly recommend great gift for birthdays or Xmas ..",5,"-","-","https://www.amazon.com/gp/customer-reviews/RSZRKH5VPBSIO/ref=cm_cr_getr_d_rvw_ttl?ie=UTF8&ASIN=B07ZKTBGR2","-","-"
"Reviewed in the United States on November 11, 2020","Just that gymnast girl","yes","yes","Great üëç","The media could not be loaded.                 ¬†Easy to use and is perfect for my nine year old. She loves the gems and the color. She even bought this with her own money and( wrote this review) [Ã≤ÃÖ$Ã≤ÃÖ(Ã≤ÃÖŒπŒøŒøÃ≤ÃÖ)Ã≤ÃÖ$Ã≤ÃÖ]",5,"-","-","https://www.amazon.com/gp/customer-reviews/RJB0QDXCJDWDR/ref=cm_cr_getr_d_rvw_ttl?ie=UTF8&ASIN=B07ZKTBGR2","-","-"
"Reviewed in the United States on October 6, 2020","Joroale","yes","yes","Para regalo","A mi ni√±a le encanto lo vimos en la tienda pero este set incluye mucho mas que los de la tienda casi por el mismo precio y es facil de usar ella los usa como aretes.",5,"-","-","https://www.amazon.com/gp/customer-reviews/R3K9EON5MUZQSF/ref=cm_cr_getr_d_rvw_ttl?ie=UTF8&ASIN=B07ZKTBGR2","-","-"
"Reviewed in the United States on December 25, 2020","SP","yes","yes","Meh üòë","Quality is cheap plastic & the ‚Äúgems‚Äù can be purchased at the dollar store if you‚Äôre willing to refill the ‚Äúdisc‚Äù manually. Overall a good cheap gift for tween between the ages of 8-10?",3,"-","-","https://www.amazon.com/gp/customer-reviews/R3C1M7YGUJ42AY/ref=cm_cr_getr_d_rvw_ttl?ie=UTF8&ASIN=B07ZKTBGR2","-","-"
"Reviewed in the United States on October 15, 2022","Emma","yes","yes","Terrible","Thing doesn‚Äôt work at all. Messed up immediately. Want my money back but by the time I used it for the first time it was too late to return it. Total waste of money.",1,"-","-","https://www.amazon.com/gp/customer-reviews/R3CMUZMOMYJWEW/ref=cm_cr_getr_d_rvw_ttl?ie=UTF8&ASIN=B07ZKTBGR2","-","-"
"Reviewed in the United States on December 22, 2020","Iliana Fernandez","yes","yes","Blingers!","My daughter has been wanting this, I liked it when I saw the package, reasonable price.",5,"-","-","https://www.amazon.com/gp/customer-reviews/RLD4UZ8YMG5SK/ref=cm_cr_getr_d_rvw_ttl?ie=UTF8&ASIN=B07ZKTBGR2","-","-"
"Reviewed in the United States on June 29, 2022","Christine","yes","yes","Waste of money, stopped working after one use","This was a total waste of money. It worked the first I used it then the stickers stopped coming out of the stamper onto the hair. Now I have all of these sticker gems and am out $30. Do not recommend",1,"-","-","https://www.amazon.com/gp/customer-reviews/R15H77CN87QT1X/ref=cm_cr_getr_d_rvw_ttl?ie=UTF8&ASIN=B07ZKTBGR2","-","-"
"Reviewed in the United States on September 6, 2022","Lauren","yes","yes","Received the knock-off ‚ÄúShinner‚Äù brand","Picture shown is Blinger but received the imitation. A life lesson in false advertising for my 9 year old daughter. The product is fine otherwise.",1,"-","-","https://www.amazon.com/gp/customer-reviews/R2WWYJ6BRZTV4S/ref=cm_cr_getr_d_rvw_ttl?ie=UTF8&ASIN=B07ZKTBGR2","-","-"
"Reviewed in the United States on September 24, 2022","JudyJudy","yes","yes","Disappointed","Arrived in bad condition, looks like it was opened and missing pieces. some of the gems were all over the plastic cover",1,"https://m.media-amazon.com/images/I/71EAESO5ASL.jpg , https://m.media-amazon.com/images/I/71Neu0eqmHL.jpg , https://m.media-amazon.com/images/I/81RS91r7jmL.jpg","-","https://www.amazon.com/gp/customer-reviews/RTXLF741NI3T8/ref=cm_cr_getr_d_rvw_ttl?ie=UTF8&ASIN=B07ZKTBGR2","-","-"
"Reviewed in the United States on October 15, 2020","Jen Jeffers","yes","yes","Tiny stickers everywhere!","Do you love when your child puts stickers all over everything in your house, if you answered yes, then this product is for you! It's pretty easy to use, but it's basically just stickers on a wheel and I don't even feel like you need the actual gadget to stick them on...everything.",2,"-","-","https://www.amazon.com/gp/customer-reviews/RERRNIQI73QUB/ref=cm_cr_getr_d_rvw_ttl?ie=UTF8&ASIN=B07ZKTBGR2","-","-"
"Reviewed in the United States on February 16, 2021","jeri","yes","yes","Not what I expected","Fast shippingThought the blings would be a bit strongerTo easy to removedont stay on face Mask  very well",2,"-","-","https://www.amazon.com/gp/customer-reviews/RHH9XVKX1B5XK/ref=cm_cr_getr_d_rvw_ttl?ie=UTF8&ASIN=B07ZKTBGR2","-","-"
"Reviewed in the United States on January 2, 2021","Christine Prieto","yes","yes","Don‚Äôt waste your money!","This product is a piece of junk. It broke the first time my 5 year old granddaughter used it. Also, what a ripoff, the hair bling is literally tiny stickers.",1,"-","-","https://www.amazon.com/gp/customer-reviews/R227QVVFSMVKQT/ref=cm_cr_getr_d_rvw_ttl?ie=UTF8&ASIN=B07ZKTBGR2","-","-"
"Reviewed in the United States on August 25, 2020","Nicole AndersonNicole Anderson","yes","yes","Box damaged","Box came really beat up. This was a gift do very disappointed.",1,"https://images-na.ssl-images-amazon.com/images/I/61x+LW4yL-L.jpg , https://images-na.ssl-images-amazon.com/images/I/71AdfZsRSXL.jpg , https://images-na.ssl-images-amazon.com/images/I/71BKitMyqaL.jpg , https://images-na.ssl-images-amazon.com/images/I/71C75KM0bLL.jpg , https://images-na.ssl-images-amazon.com/images/I/71dhPcjSApL.jpg","-","https://www.amazon.com/gp/customer-reviews/R25ETY4EKS1C8Z/ref=cm_cr_getr_d_rvw_ttl?ie=UTF8&ASIN=B07ZKTBGR2","-","-"
"Reviewed in the United States on December 27, 2022","Danielle K.","-","yes","Product would have been great if‚Ä¶.","If it ever showed up. I payed for a super cute hair product that never arrived.",1,"-","-","https://www.amazon.com/gp/customer-reviews/R302MCHX5LKX4M/ref=cm_cr_getr_d_rvw_ttl?ie=UTF8&ASIN=B07ZKTBGR2","-","-"
"Reviewed in the United States on April 7, 2021","Judy","yes","yes","No dura mucho","No dura mucho en el pelo",3,"-","-","https://www.amazon.com/gp/customer-reviews/R1CN4ARLGUGSQG/ref=cm_cr_getr_d_rvw_ttl?ie=UTF8&ASIN=B07ZKTBGR2","-","-"
"Reviewed in the United States on July 29, 2022","Victoria ","yes","yes","CUTE","not just for kids!! I saw this on tik tok and regret nothing buying it. Super cute for festivals or any concert",5,"-","-","https://www.amazon.com/gp/customer-reviews/R29F3IL6LN9H1L/ref=cm_cr_getr_d_rvw_ttl?ie=UTF8&ASIN=B07ZKTBGR2","-","-"
"Reviewed in Mexico on August 16, 2022","Vianela","yes","yes","FUNCIONA PERFECTO","Me encanto, s√∫per f√°cil de usar, y los stickers te duran mucho no se caen.Me los puse para un festival de m√∫sica y me aguantaron perfectos todos en el cabello tal cual los puse, hasta que llegue a casa y me los quite yo",5,"-","-","-","-","-"
"Reviewed in Canada on July 27, 2020","Heba","yes","yes","Good thanks","Good",5,"-","-","-","-","-"
"Reviewed in Australia on August 5, 2022","sandee edwards","yes","yes","Not what is pictured","The product received looks NOTHING like the picture. Arrived damaged. Total waste of money, that's what I get for not checking the 1 star reviews first I guess!",1,"-","-","-","-","-"
"Reviewed in the United States on March 6, 2023","amanda sitter","yes","-","Xmas gift","Bought for a gift",5,"-","-","https://www.amazon.com/gp/customer-reviews/R2PWKCS33CLB0F/ref=cm_cr_getr_d_rvw_ttl?ie=UTF8&ASIN=B07ZKTBGR2","-","-"
"Reviewed in the United States on December 27, 2022","Kassandra27Kassandra27","yes","-","Trendy","Used for my daughters first day of school for an extra pop to add to her hair. She told me lots of kids, teachers, and yard duties loved her hair. The gems stayed all day and came with a variety. Simple, cute, not damaging to hair!üíé",5,"https://m.media-amazon.com/images/I/71XJPGJyDrL.jpg","-","https://www.amazon.com/gp/customer-reviews/R1OYG6HIW1V24R/ref=cm_cr_getr_d_rvw_ttl?ie=UTF8&ASIN=B07ZKTBGR2","-","-"
"Reviewed in the United States on December 14, 2022","Kylee","yes","-","So fun!","All our neighbor kids love this. Our daughter took 2 showers and they still stayed in. Very easy to remove by picking off or brushing them out.  Would buy over and over again",5,"-","-","https://www.amazon.com/gp/customer-reviews/RV1N9SDAM5Q0O/ref=cm_cr_getr_d_rvw_ttl?ie=UTF8&ASIN=B07ZKTBGR2","-","-"
"Reviewed in the United States on February 23, 2022","michelle hester","yes","-","Get bored with it fast!","The product is okay. My granddaughter wanted this so I ordered it for her as a surprise. She is 5. She did love it and was happy with it. I‚Äôm can be a little hard to use and get the gems to stick. She lost interest in it because of that I think. She just took the gems off the disc and stuck them to things. It was worth the smile on her face when she received it. That is what matters to me.",4,"-","-","https://www.amazon.com/gp/customer-reviews/RH79X3JEOHQH2/ref=cm_cr_getr_d_rvw_ttl?ie=UTF8&ASIN=B07ZKTBGR2","-","-"
"Reviewed in the United States on November 27, 2022","Brittany Williams ","yes","-","Adhesive sucks !","Didn't stick very long in anyone's hair",3,"-","-","https://www.amazon.com/gp/customer-reviews/R8OR8UJUPAHRM/ref=cm_cr_getr_d_rvw_ttl?ie=UTF8&ASIN=B07ZKTBGR2","-","-"
"Reviewed in the United States on June 30, 2022","AnonymouslyMe","yes","-","Cute idea.","I took me back to being a kid in the 90s. The jewels don‚Äôt stay in your hair, they get stuck everywhere, and the ones that do stay in your hair will rip it out because you had forgotten say were in there. Great for festivals, and concerts. But this is a kids toy, and it shows.",3,"-","-","https://www.amazon.com/gp/customer-reviews/R2CRC5KIGOE0PI/ref=cm_cr_getr_d_rvw_ttl?ie=UTF8&ASIN=B07ZKTBGR2","-","-"
"Reviewed in the United States on August 4, 2022","Rebecca Timm","yes","-","Very cute","I get complements on these every time I wear them to festivals or concerts. They don‚Äôt fall off easily but come out when you want them to.",5,"-","-","https://www.amazon.com/gp/customer-reviews/R3U93CD9LTGDTX/ref=cm_cr_getr_d_rvw_ttl?ie=UTF8&ASIN=B07ZKTBGR2","-","-"
"Reviewed in the United States on August 25, 2022","Alexis Rowan","yes","-","It is amazing!!","I love it so much!! I can‚Äôt believe it‚Äôs so amazing!!!",5,"-","-","https://www.amazon.com/gp/customer-reviews/R3ARAJCPDEWMSB/ref=cm_cr_getr_d_rvw_ttl?ie=UTF8&ASIN=B07ZKTBGR2","-","-"
"Reviewed in the United States on August 30, 2022","Shannon Mclimore","yes","-","didn‚Äôt work :(","Mine didn‚Äôt work at all :(((",5,"-","-","https://www.amazon.com/gp/customer-reviews/R1RE7TD8ZJI3E6/ref=cm_cr_getr_d_rvw_ttl?ie=UTF8&ASIN=B07ZKTBGR2","-","-"
"Reviewed in the United States on June 16, 2022","Juliana","yes","-","So fun","I‚Äôm in my 20‚Äôs and bought these for my friends and I for a music festival! So much fun!",5,"-","-","https://www.amazon.com/gp/customer-reviews/R1HDMD309BLETO/ref=cm_cr_getr_d_rvw_ttl?ie=UTF8&ASIN=B07ZKTBGR2","-","-"
"Reviewed in the United States on June 24, 2022","Tina","yes","-","Grandaughter Loves it!","It was purchased for my 6 year old Granddaughter She loves it!!! A fun gift !",5,"-","-","https://www.amazon.com/gp/customer-reviews/R2XL8JSDIE8HIX/ref=cm_cr_getr_d_rvw_ttl?ie=UTF8&ASIN=B07ZKTBGR2","-","-"
"Reviewed in the United States on June 16, 2022","LoveSun","yes","-","Grandkid loves it!","This is a great birthday present. My granddaughter loved it and they look really cute in her hair.",5,"-","-","https://www.amazon.com/gp/customer-reviews/R2H4YI2OC8UOE6/ref=cm_cr_getr_d_rvw_ttl?ie=UTF8&ASIN=B07ZKTBGR2","-","-"
"Reviewed in the United States on July 15, 2022","Kylee Stowell","yes","-","BUY IT","absolutely worth it, live your sparkle hair dreams",5,"-","-","https://www.amazon.com/gp/customer-reviews/REJJISES8Q0BT/ref=cm_cr_getr_d_rvw_ttl?ie=UTF8&ASIN=B07ZKTBGR2","-","-"
"Reviewed in the United States on August 12, 2021","Ali","yes","-","Daughter loves it","Bought this for my 5 year old daughter. She loves it. It was very easy to use and it stayed in her hair overnight and the whole next day. Easy to remove from hair",4,"-","-","https://www.amazon.com/gp/customer-reviews/R3NOSFZ1C9ZJB0/ref=cm_cr_getr_d_rvw_ttl?ie=UTF8&ASIN=B07ZKTBGR2","-","-"
"Reviewed in the United States on December 28, 2021","Christine ","yes","-","Perfect Gift for Girls","My two daughters absolutely love glitter or anything shiny so the Blinger Ultimate Set was a perfect gift for them. It is very easy for them to use, with younger kids and adult should help read instructions but after that they will get it.",5,"-","-","https://www.amazon.com/gp/customer-reviews/R13OZCO6BV658B/ref=cm_cr_getr_d_rvw_ttl?ie=UTF8&ASIN=B07ZKTBGR2","-","-"
"Reviewed in the United States on January 15, 2022","Jen Eklund","yes","-","Awesome gift!","My daughter loves this. Such a fun gift. We have blinged her hair every day since Christmas! Easy to remove the gems at the end of the day and they stay nicely in her hair all day too.",5,"-","-","https://www.amazon.com/gp/customer-reviews/R1K70L0TPR6POE/ref=cm_cr_getr_d_rvw_ttl?ie=UTF8&ASIN=B07ZKTBGR2","-","-"
"Reviewed in the United States on February 19, 2022","W. Reko","yes","-","Granddaughter loves this!","Perfect gift for my 6 year old granddaughter. I'm sure she will love it for a few years. She blings everything!",5,"-","-","https://www.amazon.com/gp/customer-reviews/RPSM8D85OMEJX/ref=cm_cr_getr_d_rvw_ttl?ie=UTF8&ASIN=B07ZKTBGR2","-","-"
"Reviewed in the United States on March 13, 2022","Brandy Coleman","yes","-","My daughter loves it","It was a great deal and my daughter gets so much joy out of using it.",5,"-","-","https://www.amazon.com/gp/customer-reviews/R39H1EO8GOAQYP/ref=cm_cr_getr_d_rvw_ttl?ie=UTF8&ASIN=B07ZKTBGR2","-","-"
"Reviewed in the United States on March 24, 2022","Beth Harmon","yes","-","It‚Äôs fun","I liked using in my hair totally fun on special occasions",5,"-","-","https://www.amazon.com/gp/customer-reviews/R1MMPD6AKOYMWZ/ref=cm_cr_getr_d_rvw_ttl?ie=UTF8&ASIN=B07ZKTBGR2","-","-"
"Reviewed in the United States on February 22, 2023","Janelle FricanoJanelle Fricano","yes","-","Doesn‚Äôt come with all jewels","Very disappointed in what was advertised and what I received. Advertised as receiving in a big box and with 225 jewels. Received in a tiny box with about 1/2 jewels as advertised.",1,"https://m.media-amazon.com/images/I/617HxRL01KL.jpg , https://m.media-amazon.com/images/I/61Qx9zpWZqL.jpg , https://m.media-amazon.com/images/I/61cf4eQCbXL.jpg","-","https://www.amazon.com/gp/customer-reviews/R2MDHD1TL4YVDY/ref=cm_cr_getr_d_rvw_ttl?ie=UTF8&ASIN=B07ZKTBGR2","-","-"
"Reviewed in the United States on January 31, 2021","Vanessa mercado","yes","-","4 year old approved","I got this for my 4 year old daughter for Christmas as she‚Äôs been asking ever since she‚Äôs saw the commercial and it worked out great for her! Easy toUse but she did go through the little jewels fast so I do need to purchase more. But she loved them and had fun plus great price!",5,"-","-","https://www.amazon.com/gp/customer-reviews/R37GE1R1PPMRKQ/ref=cm_cr_getr_d_rvw_ttl?ie=UTF8&ASIN=B07ZKTBGR2","-","-"
"Reviewed in the United States on January 3, 2022","dana lynn","yes","-","Easy to use","I bought this for my niece and she loves it. She has the little sparkle pieces in her hair every time I see her.",5,"-","-","https://www.amazon.com/gp/customer-reviews/R31FG6YGP6Q2S9/ref=cm_cr_getr_d_rvw_ttl?ie=UTF8&ASIN=B07ZKTBGR2","-","-"
"Reviewed in the United States on October 1, 2022","Sunshyne321","yes","-","Blinger","Disappointed in the cheap plastic set. I could've easily bought jewels and stuck them in my hair without this plastic applicator.",2,"-","-","https://www.amazon.com/gp/customer-reviews/R1GM70FH67F3YI/ref=cm_cr_getr_d_rvw_ttl?ie=UTF8&ASIN=B07ZKTBGR2","-","-"
"Reviewed in the United States on January 14, 2021","sls","yes","-","11 year old was happy with it","Bought as a gift for my daughter who loves all things shiny.  She's enjoyed blinging not only her hair but also her clothes and bookshelves!",4,"-","-","https://www.amazon.com/gp/customer-reviews/R215U8JA6JXN5E/ref=cm_cr_getr_d_rvw_ttl?ie=UTF8&ASIN=B07ZKTBGR2","-","-"
"Reviewed in the United States on October 4, 2020","Kimmieneedles666","yes","-","So cute and fun!","I‚Äôm nearly 30 and bought this for myself lol. I love the bling and it really holds in the hair! My only complaint would be I wish each ring came with more bling!",4,"-","-","https://www.amazon.com/gp/customer-reviews/R2F09FWK1J0ATM/ref=cm_cr_getr_d_rvw_ttl?ie=UTF8&ASIN=B07ZKTBGR2","-","-"
"Reviewed in the United States on May 31, 2021","Steven f.","yes","-","Could be better","Not very tough made and doesn't always work right",4,"-","-","https://www.amazon.com/gp/customer-reviews/R29C3F7Q0AY9JE/ref=cm_cr_getr_d_rvw_ttl?ie=UTF8&ASIN=B07ZKTBGR2","-","-"
"Reviewed in the United States on November 3, 2021","Tia L.","yes","-","Fun for a minute","It was a fun gift for my niece, she used it for a day and got bored with it because the gems fell off moments after being applied.",3,"-","-","https://www.amazon.com/gp/customer-reviews/RRHZ6GD05FAM1/ref=cm_cr_getr_d_rvw_ttl?ie=UTF8&ASIN=B07ZKTBGR2","-","-"
"Reviewed in the United States on February 10, 2021","T Mac","yes","-","Easy to Use","My daughter likes this.  It is so easy her dad can use it.  It takes a bunch to be obvious in the hair.  Easy to remove to.  Why not give it a shot.",5,"-","-","https://www.amazon.com/gp/customer-reviews/R3OYYDEZW7O4RA/ref=cm_cr_getr_d_rvw_ttl?ie=UTF8&ASIN=B07ZKTBGR2","-","-"
"Reviewed in the United States on December 29, 2020","Amazon Customer","yes","-","so cute!","Our 5 year old begged for this after seeing it on youtube. She already knew how to load it. The jewels are just stickers but stick well and dont fall out easy. It comes with a good amount of refills too.",5,"-","-","https://www.amazon.com/gp/customer-reviews/R28J8OR1BSLVQM/ref=cm_cr_getr_d_rvw_ttl?ie=UTF8&ASIN=B07ZKTBGR2","-","-"
"Reviewed in the United States on October 27, 2020","Amazon Customer","yes","-","Great item at a good price.","My daughter asked for this for christmas. I was happy with the packaging and product ovverall.",4,"-","-","https://www.amazon.com/gp/customer-reviews/R3JSWY2B32KBLY/ref=cm_cr_getr_d_rvw_ttl?ie=UTF8&ASIN=B07ZKTBGR2","-","-"
"Reviewed in the United States on November 12, 2020","Alexis","yes","-","Cute gift but hard 2 use","There super cute but the product is a bit wonky and gets jammed",4,"-","-","https://www.amazon.com/gp/customer-reviews/R2IH2VRGXDPVH7/ref=cm_cr_getr_d_rvw_ttl?ie=UTF8&ASIN=B07ZKTBGR2","-","-"
"Reviewed in the United States on June 25, 2021","Ashley","yes","-","All my nieces loved it","Great gift for a little one. My niece I got it for is 5 but her older sister who is 7 also loves it.",5,"-","-","https://www.amazon.com/gp/customer-reviews/R2HI8D82Q4GLMK/ref=cm_cr_getr_d_rvw_ttl?ie=UTF8&ASIN=B07ZKTBGR2","-","-"
"Reviewed in the United States on January 28, 2021","Joe","yes","-","Easy to use","A gift üéÅ they were happy",4,"-","-","https://www.amazon.com/gp/customer-reviews/R15ZO2M4CZMT9V/ref=cm_cr_getr_d_rvw_ttl?ie=UTF8&ASIN=B07ZKTBGR2","-","-"
"Reviewed in the United States on January 9, 2021","M Jimenez","yes","-","Fun and good  value.","Fun and easy to use.",4,"-","-","https://www.amazon.com/gp/customer-reviews/R303MSZG0U890V/ref=cm_cr_getr_d_rvw_ttl?ie=UTF8&ASIN=B07ZKTBGR2","-","-"
"Reviewed in the United States on December 10, 2020","Barbara J. Bryant","yes","-","Blinger","Giving it for Christmas. Were very prompt with delivery. Also sent another set of sparkles as a gift. Very nice. So my grand hasn't used it yet but I think she will love it.",5,"-","-","https://www.amazon.com/gp/customer-reviews/R2DOIS76FRAQ5O/ref=cm_cr_getr_d_rvw_ttl?ie=UTF8&ASIN=B07ZKTBGR2","-","-"
"Reviewed in the United States on December 6, 2020","Jacob","yes","-","Great gift","Purchased for my 9 year old daughter. She loved it. Already burnt all the jewels it comes with out. Used on her tablet, hair, cloths, everything she could find.",5,"-","-","https://www.amazon.com/gp/customer-reviews/R2TX8NB9XS6VIC/ref=cm_cr_getr_d_rvw_ttl?ie=UTF8&ASIN=B07ZKTBGR2","-","-"
"Reviewed in the United States on January 25, 2021","Cheryl A.","yes","-","Girls loved it","gift",4,"-","-","https://www.amazon.com/gp/customer-reviews/R16NXGRKGB9660/ref=cm_cr_getr_d_rvw_ttl?ie=UTF8&ASIN=B07ZKTBGR2","-","-"
"Reviewed in the United States on December 8, 2021","Blue Blaze","yes","-","Good gift","Good gift",3,"-","-","https://www.amazon.com/gp/customer-reviews/R8JGH830EE20I/ref=cm_cr_getr_d_rvw_ttl?ie=UTF8&ASIN=B07ZKTBGR2","-","-"
"Reviewed in the United States on March 3, 2021","Spook","yes","-","Easy to use product","Purchased for a birthday gift and it did not disappoint. Everything was getting ‚Äòblinged‚Äô... even found one on a plant leaf!",5,"-","-","https://www.amazon.com/gp/customer-reviews/R54ZBLBSKZG9B/ref=cm_cr_getr_d_rvw_ttl?ie=UTF8&ASIN=B07ZKTBGR2","-","-"
"Reviewed in the United States on November 29, 2020","sarah ward","yes","-","Great gift","Perfect gift for my brothers 8 year old she will be so happy and the refills are not expensive she can use it over and over again",5,"-","-","https://www.amazon.com/gp/customer-reviews/R2DJ8KHA1TQVVP/ref=cm_cr_getr_d_rvw_ttl?ie=UTF8&ASIN=B07ZKTBGR2","-","-"
"Reviewed in the United States on December 26, 2020","Tamra","yes","-","Great for gift","Neice has been wanting this for a long time. I bought it and it doesn't seem to be much to me but she loved it",5,"-","-","https://www.amazon.com/gp/customer-reviews/RM776ZV8ESRGK/ref=cm_cr_getr_d_rvw_ttl?ie=UTF8&ASIN=B07ZKTBGR2","-","-"
"Reviewed in the United States on December 6, 2021","april andrews","yes","-","Perfect girl gift!","Birthday girl loved it!",5,"-","-","https://www.amazon.com/gp/customer-reviews/R536X5PPUITUZ/ref=cm_cr_getr_d_rvw_ttl?ie=UTF8&ASIN=B07ZKTBGR2","-","-"
"Reviewed in the United States on January 1, 2021","D. Lancaster","yes","-","Over priced","Was a hit for my granddaughters. I thought I was over priced but they liked it. The bling does stay if you click it perfect if not they lose that one",3,"-","-","https://www.amazon.com/gp/customer-reviews/R3H234L31QZ4QE/ref=cm_cr_getr_d_rvw_ttl?ie=UTF8&ASIN=B07ZKTBGR2","-","-"
"Reviewed in the United States on October 7, 2020","Fancy J","yes","-","Daughter loved it!!","Daughter loved it for her 12th birthday. She is into doing hair and this was a perfect touch. Went ahead and preordered the nail blinger as well.",5,"-","-","https://www.amazon.com/gp/customer-reviews/R1MG6GN7DQ3KBU/ref=cm_cr_getr_d_rvw_ttl?ie=UTF8&ASIN=B07ZKTBGR2","-","-"
"Reviewed in the United States on December 31, 2020","Brenda cuddahee","yes","-","Fun for any girl to bling things.","Granddaugutter loved it. Little tricky at first and then got the hang of it. Stuck to everything she used it on.",5,"-","-","https://www.amazon.com/gp/customer-reviews/R6VKJYH9GY4KA/ref=cm_cr_getr_d_rvw_ttl?ie=UTF8&ASIN=B07ZKTBGR2","-","-"
"Reviewed in the United States on December 16, 2020","Breunig","yes","-","Cute","Daughter loves them! So far we've only used them in her hair. They stick much better then I thought they would.",5,"-","-","https://www.amazon.com/gp/customer-reviews/R3MBTTH9CIWBL8/ref=cm_cr_getr_d_rvw_ttl?ie=UTF8&ASIN=B07ZKTBGR2","-","-"
"Reviewed in the United States on May 2, 2020","Melissa Scott","yes","-","My daughter loves it.","My daughter asked for this for her birthday. I honestly didn‚Äôt think it would work well, but got it anyways. I was wrong, it‚Äôs actually really cute and very easy to use! She‚Äôs 10 and loves it.",5,"-","-","https://www.amazon.com/gp/customer-reviews/R14XT0JHAV3KGV/ref=cm_cr_getr_d_rvw_ttl?ie=UTF8&ASIN=B07ZKTBGR2","-","-"
"Reviewed in the United States on March 9, 2021","marcia stogsdill","yes","-","Big hit with 6 year old girls!","I gave this to a 6 year old for Christmas! It made her squeal in delight!",5,"-","-","https://www.amazon.com/gp/customer-reviews/R6B6D583JBSG2/ref=cm_cr_getr_d_rvw_ttl?ie=UTF8&ASIN=B07ZKTBGR2","-","-"
"Reviewed in the United States on July 12, 2020","BO","yes","-","Blinger Ultimate Set","Daughter likes it very much",4,"-","-","https://www.amazon.com/gp/customer-reviews/R18Y5PYQMS16R8/ref=cm_cr_getr_d_rvw_ttl?ie=UTF8&ASIN=B07ZKTBGR2","-","-"
"Reviewed in the United States on January 4, 2021","Tammy McSperitt","yes","-","Don't expect too much","Bought this as a gift for my granddaughter. We could not get them to stick in her hair. They did stick onto other items clothes, bags, ECT.",3,"-","-","https://www.amazon.com/gp/customer-reviews/RW78BNSQWQPPV/ref=cm_cr_getr_d_rvw_ttl?ie=UTF8&ASIN=B07ZKTBGR2","-","-"
"Reviewed in the United States on May 21, 2021","Mary","yes","-","Perfect gift for my 8 yr old girl","Bought this for an 8 yr olds birthday. She absolutely love it",5,"-","-","https://www.amazon.com/gp/customer-reviews/R1P9U7P8BW3FGE/ref=cm_cr_getr_d_rvw_ttl?ie=UTF8&ASIN=B07ZKTBGR2","-","-"
"Reviewed in the United States on January 10, 2021","Lane","yes","-","Bling bling everything","Gave as a gift for 8 year old niece. She loved it. She has used it in everything.",5,"-","-","https://www.amazon.com/gp/customer-reviews/R1XBO7LJ2AC39O/ref=cm_cr_getr_d_rvw_ttl?ie=UTF8&ASIN=B07ZKTBGR2","-","-"
"Reviewed in the United States on March 9, 2021","diane tompkins","yes","-","Takes an older sister to help out","Was a little hard to use.  Big sister got it going tho",5,"-","-","https://www.amazon.com/gp/customer-reviews/R1BLUN5XYUGFMS/ref=cm_cr_getr_d_rvw_ttl?ie=UTF8&ASIN=B07ZKTBGR2","-","-"
"Reviewed in the United States on March 10, 2021","Joules HB","yes","-","Perfect for your princesses ‚ù§Ô∏è","Looks beautiful in our grand daughters hair. Easy to use and looks great.",5,"-","-","https://www.amazon.com/gp/customer-reviews/R39BT39U9RYSXR/ref=cm_cr_getr_d_rvw_ttl?ie=UTF8&ASIN=B07ZKTBGR2","-","-"
"Reviewed in the United States on June 29, 2020","Amazon Customer","yes","-","Great for kids","My daughter is 4 yrs old and she loves her gems  she can put them on herself, its easy to use and great for kids.",5,"-","-","https://www.amazon.com/gp/customer-reviews/R28JPFZT8K481V/ref=cm_cr_getr_d_rvw_ttl?ie=UTF8&ASIN=B07ZKTBGR2","-","-"
"Reviewed in the United States on December 27, 2020","Natalie","yes","-","Great gift","Easy to use and set up, my girls love putting the bling in their hair",5,"-","-","https://www.amazon.com/gp/customer-reviews/R1ROJ6PFS6B7FE/ref=cm_cr_getr_d_rvw_ttl?ie=UTF8&ASIN=B07ZKTBGR2","-","-"
"Reviewed in the United States on December 25, 2020","Lydia Everhart","yes","-","Glam with ease","Easy to use and loved by by the younger crowd, they can glam up with ease!!!",5,"-","-","https://www.amazon.com/gp/customer-reviews/R3JF630EOCHOF2/ref=cm_cr_getr_d_rvw_ttl?ie=UTF8&ASIN=B07ZKTBGR2","-","-"
"Reviewed in the United States on September 24, 2020","Rachel","yes","-","cute!!","super cute way to decorate hair and works pretty well. gems stick well and think would last long",5,"-","-","https://www.amazon.com/gp/customer-reviews/R28LW2PYR9X69N/ref=cm_cr_getr_d_rvw_ttl?ie=UTF8&ASIN=B07ZKTBGR2","-","-"
"Reviewed in the United States on November 22, 2021","Kindle Customer","yes","-","Package in pieces","The box came ripped and dented. The gems were no longer attached to the wheels they are suppose to be displayed on. The gems had all fallen off and were all in the bottom of the box.",2,"-","-","https://www.amazon.com/gp/customer-reviews/R1ESGZPXH77O9F/ref=cm_cr_getr_d_rvw_ttl?ie=UTF8&ASIN=B07ZKTBGR2","-","-"
"Reviewed in the United States on May 7, 2021","Amazon Customer","yes","-","Easy","My child loved it",5,"-","-","https://www.amazon.com/gp/customer-reviews/R1398BCYIM3704/ref=cm_cr_getr_d_rvw_ttl?ie=UTF8&ASIN=B07ZKTBGR2","-","-"
"Reviewed in the United States on October 21, 2020","Wendpipp","yes","-","So fun and easy to use!","I bought this for my 6 year old granddaughter.  She loved them!!",5,"-","-","https://www.amazon.com/gp/customer-reviews/R3BAMNANFQ4UZA/ref=cm_cr_getr_d_rvw_ttl?ie=UTF8&ASIN=B07ZKTBGR2","-","-"
"Reviewed in the United States on August 31, 2020","Edgar","yes","-","Good product would recommend","My daughter loved this product easy to use and fun for the kids to entertain themselves",5,"-","-","https://www.amazon.com/gp/customer-reviews/R21TESSFZML8FE/ref=cm_cr_getr_d_rvw_ttl?ie=UTF8&ASIN=B07ZKTBGR2","-","-"
"Reviewed in the United States on September 11, 2020","Amazon Customer","yes","-","Kid likes it","My daughter loves this, and it comes with enough for them to use for awhile.",5,"-","-","https://www.amazon.com/gp/customer-reviews/R2JLZS1U2HLLKI/ref=cm_cr_getr_d_rvw_ttl?ie=UTF8&ASIN=B07ZKTBGR2","-","-"
"Reviewed in the United States on June 15, 2021","JULED O.","yes","-","Amazing","Nice",5,"-","-","https://www.amazon.com/gp/customer-reviews/RNFU49WYN8YGH/ref=cm_cr_getr_d_rvw_ttl?ie=UTF8&ASIN=B07ZKTBGR2","-","-"
"Reviewed in the United States on July 10, 2021","Amazon Customer","yes","-","Pass","This item is so cute, but I wasn‚Äôt happy with how difficult is was to use, the bling got constantly stuck in the machine. The bling sticks on well, if you can get it to work, my 7 year old couldn‚Äôt use it.",2,"-","-","https://www.amazon.com/gp/customer-reviews/R1Q6IFG4MCLXFD/ref=cm_cr_getr_d_rvw_ttl?ie=UTF8&ASIN=B07ZKTBGR2","-","-"
"Reviewed in the United States on June 17, 2021","Amanda H.Amanda H.","yes","-","It broke!!","Cute idea but the clip inside that turns the gems broke within the first few gems applied. I can still use it but I have to turn the wheel with my fingers and the wheel is hard to turn. Not put together well at all.",2,"https://images-na.ssl-images-amazon.com/images/I/C1CId8XMPDS.jpg","-","https://www.amazon.com/gp/customer-reviews/R3R5S1CRZ3GZRY/ref=cm_cr_getr_d_rvw_ttl?ie=UTF8&ASIN=B07ZKTBGR2","-","-"
"Reviewed in the United States on January 26, 2021","Marissa","yes","-","Love","My daughter absolutely loved it.!!!",5,"-","-","https://www.amazon.com/gp/customer-reviews/R3A4V67XZQUCED/ref=cm_cr_getr_d_rvw_ttl?ie=UTF8&ASIN=B07ZKTBGR2","-","-"
"Reviewed in the United States on September 11, 2020","Mr. & Mrs. Johnnie Mc","yes","-","Great Grand Daughter loved it !!","This item made my Great Grand Daughter so happy for herBirthday !!",5,"-","-","https://www.amazon.com/gp/customer-reviews/RTWUAFII1HU1Y/ref=cm_cr_getr_d_rvw_ttl?ie=UTF8&ASIN=B07ZKTBGR2","-","-"
"Reviewed in the United States on January 26, 2021","urangelicgirl","yes","-","Loved it","Big hit! Shipped fast",5,"-","-","https://www.amazon.com/gp/customer-reviews/R35RUU4ATFXRGP/ref=cm_cr_getr_d_rvw_ttl?ie=UTF8&ASIN=B07ZKTBGR2","-","-"
"Reviewed in the United States on February 17, 2021","Kelly","yes","-","its ok","its ok",3,"-","-","https://www.amazon.com/gp/customer-reviews/RPKTOIZDFLXVC/ref=cm_cr_getr_d_rvw_ttl?ie=UTF8&ASIN=B07ZKTBGR2","-","-"
"Reviewed in the United States on January 1, 2021","JS","yes","-","Blingy fun","Granddaughter loves blinging her hair",5,"-","-","https://www.amazon.com/gp/customer-reviews/R3MU7Q5GOQV0TK/ref=cm_cr_getr_d_rvw_ttl?ie=UTF8&ASIN=B07ZKTBGR2","-","-"
"Reviewed in the United States on January 14, 2021","Barbara G.","yes","-","Love it","Granddaughter loves it",5,"-","-","https://www.amazon.com/gp/customer-reviews/R1XXVFH9SIVCQB/ref=cm_cr_getr_d_rvw_ttl?ie=UTF8&ASIN=B07ZKTBGR2","-","-"
"Reviewed in the United States on September 22, 2020","kimi","yes","-","cute and fast shipping","So easy my 5 year old can do it!",5,"-","-","https://www.amazon.com/gp/customer-reviews/R3RKJS4BR7TGTF/ref=cm_cr_getr_d_rvw_ttl?ie=UTF8&ASIN=B07ZKTBGR2","-","-"
"Reviewed in the United States on January 19, 2021","Amazon Customer","yes","-","Daughter loved it","Daughter loved it.",5,"-","-","https://www.amazon.com/gp/customer-reviews/RKQTE6JP6OLL2/ref=cm_cr_getr_d_rvw_ttl?ie=UTF8&ASIN=B07ZKTBGR2","-","-"
"Reviewed in the United States on December 19, 2020","nicole bradford","yes","-","Love it","Huge hit a Christmas",5,"-","-","https://www.amazon.com/gp/customer-reviews/R82BE6BJ7H14A/ref=cm_cr_getr_d_rvw_ttl?ie=UTF8&ASIN=B07ZKTBGR2","-","-"
"Reviewed in the United States on November 13, 2020","TP","yes","-","Actually works","Works great! My daughter loves it!",5,"-","-","https://www.amazon.com/gp/customer-reviews/R19NG1LD4957WY/ref=cm_cr_getr_d_rvw_ttl?ie=UTF8&ASIN=B07ZKTBGR2","-","-"
"Reviewed in the United States on June 7, 2020","Michael Franze","yes","-","6 Year Old Girl loved it","It was easy to use and our six year old niece loved it.",5,"-","-","https://www.amazon.com/gp/customer-reviews/R5P92G2DHKPM9/ref=cm_cr_getr_d_rvw_ttl?ie=UTF8&ASIN=B07ZKTBGR2","-","-"
"Reviewed in the United States on November 14, 2020","Melissa","yes","-","Great","Great gift for my niece",5,"-","-","https://www.amazon.com/gp/customer-reviews/R26B7E01L8T38U/ref=cm_cr_getr_d_rvw_ttl?ie=UTF8&ASIN=B07ZKTBGR2","-","-"
"Reviewed in the United States on August 19, 2020","Amazon Customer","yes","-","Worth a buy!","The jewels really stay stuck on! Super cute!",5,"-","-","https://www.amazon.com/gp/customer-reviews/R3QLZSJURZT7EJ/ref=cm_cr_getr_d_rvw_ttl?ie=UTF8&ASIN=B07ZKTBGR2","-","-"
"Reviewed in the United States on September 28, 2021","Keyur Patel","yes","-","Regret","Suppose to be Greta for kids. My niece has to try it like 5-6 times for it work properly. Not a good present",2,"-","-","https://www.amazon.com/gp/customer-reviews/RX26JSJJR2KB2/ref=cm_cr_getr_d_rvw_ttl?ie=UTF8&ASIN=B07ZKTBGR2","-","-"
"Reviewed in the United States on August 9, 2020","Rebecca ","yes","-","‚ô•Ô∏è","My daughter loves this. Easy to use",5,"-","-","https://www.amazon.com/gp/customer-reviews/R1U6HEOL167F7/ref=cm_cr_getr_d_rvw_ttl?ie=UTF8&ASIN=B07ZKTBGR2","-","-"
"Reviewed in the United States on December 27, 2020","Randy Harmon","yes","-","Nice","Good",5,"-","-","https://www.amazon.com/gp/customer-reviews/R2Q143F1GFEEJX/ref=cm_cr_getr_d_rvw_ttl?ie=UTF8&ASIN=B07ZKTBGR2","-","-"
"Reviewed in the United States on December 13, 2020","Lexyyyyy","yes","-","Nostalgia","Amazing",5,"-","-","https://www.amazon.com/gp/customer-reviews/R1VM1F4W72UN1X/ref=cm_cr_getr_d_rvw_ttl?ie=UTF8&ASIN=B07ZKTBGR2","-","-"
"Reviewed in the United States on May 19, 2020","Natasha","yes","-","Cute","My daughter is so happy with them",5,"-","-","https://www.amazon.com/gp/customer-reviews/R2J6EADSTP84AZ/ref=cm_cr_getr_d_rvw_ttl?ie=UTF8&ASIN=B07ZKTBGR2","-","-"
"Reviewed in the United States on January 17, 2021","dc","yes","-","Broke first time. Waste of money.","This was a Christmas gift for my 7 year old granddaughter and she was so excited! She'd wanted it awhile! But we're  so very disappointed-it broke the first time! Very upsetting.",2,"-","-","https://www.amazon.com/gp/customer-reviews/R33776UXN7XL3V/ref=cm_cr_getr_d_rvw_ttl?ie=UTF8&ASIN=B07ZKTBGR2","-","-"
"Reviewed in the United States on August 25, 2022","Amazon CustomerAmazon Customer","yes","-","Broke after one use","-",1,"https://m.media-amazon.com/images/I/717wUoMH6nL.jpg","-","https://www.amazon.com/gp/customer-reviews/R10C8CNWUB38N/ref=cm_cr_getr_d_rvw_ttl?ie=UTF8&ASIN=B07ZKTBGR2","-","-"
"Reviewed in the United States on January 7, 2021","AS","yes","-","Not worth the money","Hard for children to use. Not worth the money.",2,"-","-","https://www.amazon.com/gp/customer-reviews/R1HURHZ313HU7U/ref=cm_cr_getr_d_rvw_ttl?ie=UTF8&ASIN=B07ZKTBGR2","-","-"
"Reviewed in the United States on December 11, 2020","Michael O.","yes","-","There's hair inside the box","I want to give it to my niece's xmas gift and today when I try to open the package.  I found a hair and the box is damaged.  It's not a new one.  Return it!",1,"-","-","https://www.amazon.com/gp/customer-reviews/R26SWD42YCW9OF/ref=cm_cr_getr_d_rvw_ttl?ie=UTF8&ASIN=B07ZKTBGR2","-","-"
"Reviewed in the United States on July 6, 2020","nsroman09","yes","-","Cheap","Product falls out of hair after less than a minute. Cheaply made.",2,"-","-","https://www.amazon.com/gp/customer-reviews/RB7GU4SFPEFTO/ref=cm_cr_getr_d_rvw_ttl?ie=UTF8&ASIN=B07ZKTBGR2","-","-"
"Reviewed in the United States on October 18, 2020","lannette","yes","-","Horrible quality","This item broke after 4 uses. The piece into the center of the product popped off and wouldn‚Äôt pop back on for operation. Complete waste of money",1,"-","-","https://www.amazon.com/gp/customer-reviews/R2D8N4CAM8WMCI/ref=cm_cr_getr_d_rvw_ttl?ie=UTF8&ASIN=B07ZKTBGR2","-","-"
"Reviewed in the United States on December 2, 2020","Kristy R. Langstraat","yes","-","not what I had expected","I thought this was going to be the actual blinger, turned out it was just the replacement kit.....",1,"-","-","https://www.amazon.com/gp/customer-reviews/R8U5SZXKIQ52/ref=cm_cr_getr_d_rvw_ttl?ie=UTF8&ASIN=B07ZKTBGR2","-","-"
"Reviewed in the United States on January 22, 2021","Linz","yes","-","Broke first day!","It broke the first day! Won‚Äôt recommend.",1,"-","-","https://www.amazon.com/gp/customer-reviews/R2JKELTBM79KT0/ref=cm_cr_getr_d_rvw_ttl?ie=UTF8&ASIN=B07ZKTBGR2","-","-"
"Reviewed in the United States on March 13, 2021","Jenny","yes","-","Not useable","Stickers would not stick to anything",1,"-","-","https://www.amazon.com/gp/customer-reviews/RI8G32XH6UPDZ/ref=cm_cr_getr_d_rvw_ttl?ie=UTF8&ASIN=B07ZKTBGR2","-","-"
"Reviewed in the United States on July 24, 2020","BossMom","yes","-","Good toy for a little girl","Exactly what it says",1,"-","-","https://www.amazon.com/gp/customer-reviews/RUWTWSXP0EAV5/ref=cm_cr_getr_d_rvw_ttl?ie=UTF8&ASIN=B07ZKTBGR2","-","-"
"Reviewed in the United States on July 8, 2021","Esther","-","-","Great set and easy to use","Got this kit on Amazon Prime Day, my daughter enjoyed decorating her hair with the blinger, and I am very happy with the deal.  Definitely will recommend this!",5,"-","-","https://www.amazon.com/gp/customer-reviews/RIWEKKSXQOE00/ref=cm_cr_getr_d_rvw_ttl?ie=UTF8&ASIN=B07ZKTBGR2","-","-"
"Reviewed in the United States on December 28, 2020","Louis Rossa","-","-","Eazy to use","Super fun an easy to put brings on anything . Very cool item for any girl.",5,"-","-","https://www.amazon.com/gp/customer-reviews/R3DPF8GRPZLZUL/ref=cm_cr_getr_d_rvw_ttl?ie=UTF8&ASIN=B07ZKTBGR2","-","-"
"Reviewed in the United States on October 15, 2020","Amy Shaffer","-","-","Nothing like advertised. Waste of money.","Bought this for my granddaughter. The little sticky jewels will not stick to hair, let alone much else. I am disappointed in the product and regret purchasing it.",1,"-","-","https://www.amazon.com/gp/customer-reviews/R2X2I3MFPCDHBW/ref=cm_cr_getr_d_rvw_ttl?ie=UTF8&ASIN=B07ZKTBGR2","-","-"
"Reviewed in the United States on January 8, 2022","N. Keithley","yes","-","The girls loved it.... their dads not so much ;)","This was a gift for a 9-year-old family member. She had a great deal of fun playing with it and glamorizing everyone's hair... including the men.The men were good sports but were fairly quick to remove them after a bit. I even had a couple placed in my hair (and it hurt a tiny bit when it was removed as I have a lot of hair...but it left no residue to clean up, which is good).Her little sister may be getting that next year ( if someone takes the hint, lol:).",5,"-","-","https://www.amazon.com/gp/customer-reviews/R1S5SQIHP9TOJW/ref=cm_cr_getr_d_rvw_ttl?ie=UTF8&ASIN=B07ZKTBGR2","-","-"
"Reviewed in the United States on January 7, 2022","Jeanne Chavez","yes","-","Everything is Blinged!","My 9 year old granddaughter got this for Christmas.  She was delighted and had asked for it. She blings anything that stands still long enough to get a sparkle.  She has decorated my sweater, purse and her cat's collar.  I'm sure I will be buying refills for it soon. It is easy to use and fun for her to decorate things with.  They are easy to remove and relocate.",5,"-","-","https://www.amazon.com/gp/customer-reviews/R1MIW9HL150DS4/ref=cm_cr_getr_d_rvw_ttl?ie=UTF8&ASIN=B07ZKTBGR2","-","-"
"Reviewed in the United States on June 23, 2022","Judith K Walsh","yes","-","Bright sparkly gift","I bought this for my 7 year old great granddaughter and she and her best friend love it. I hear their giggles as they glam up.",5,"-","-","https://www.amazon.com/gp/customer-reviews/R2W1QIVUI13JUW/ref=cm_cr_getr_d_rvw_ttl?ie=UTF8&ASIN=B07ZKTBGR2","-","-"
"Reviewed in the United States on January 14, 2022","brooke","yes","-","Six year old loves this","It is like a bedazzle like from back in time. My daughter loves putting them in her hair on on clothes and really on anything that she can think of they stick in the hair the best.",5,"-","-","https://www.amazon.com/gp/customer-reviews/R18SDB3IBDHZJV/ref=cm_cr_getr_d_rvw_ttl?ie=UTF8&ASIN=B07ZKTBGR2","-","-"
"Reviewed in the United States on December 18, 2021","Dee","yes","-","Exactly as described","Worked like a charm for my grandaughters birthday gift. She is having a blast using it.Big smiles all around!",5,"-","-","https://www.amazon.com/gp/customer-reviews/R2SGC4JVHJR2JZ/ref=cm_cr_getr_d_rvw_ttl?ie=UTF8&ASIN=B07ZKTBGR2","-","-"
"Reviewed in the United States on January 8, 2022","Taylor Wiest","yes","-","My daughters loved this!","Perfect and easy to use for a 7 and 5 year old, great combo of jewels too!",5,"-","-","https://www.amazon.com/gp/customer-reviews/R2T4J6RP75HL0J/ref=cm_cr_getr_d_rvw_ttl?ie=UTF8&ASIN=B07ZKTBGR2","-","-"
"Reviewed in the United States on December 20, 2021","CROBINSON","yes","-","My 6 yr old Granddaughter loves it!","It's a great tool to bedazzle your hair! Mom's and Grandma's too!",5,"-","-","https://www.amazon.com/gp/customer-reviews/RBOVY4HOOT7S1/ref=cm_cr_getr_d_rvw_ttl?ie=UTF8&ASIN=B07ZKTBGR2","-","-"
"Reviewed in the United States on August 26, 2021","Z","yes","-","I‚Äôm surprised!","I thought this was gonna be super dumb but my daughter loves it!",5,"-","-","https://www.amazon.com/gp/customer-reviews/R35RY90W685TJT/ref=cm_cr_getr_d_rvw_ttl?ie=UTF8&ASIN=B07ZKTBGR2","-","-"
"Reviewed in the United States on June 30, 2021","M. Seidle","yes","-","Great gift for girls.","Eight year old Granddaughter loved it. She even blinged the dog.",5,"-","-","https://www.amazon.com/gp/customer-reviews/R2FC61ZCO0L3J2/ref=cm_cr_getr_d_rvw_ttl?ie=UTF8&ASIN=B07ZKTBGR2","-","-"
"Reviewed in the United States on November 2, 2021","SScheib","yes","-","Glamorous","Love this!",5,"-","-","https://www.amazon.com/gp/customer-reviews/R8N3CILA7LC9D/ref=cm_cr_getr_d_rvw_ttl?ie=UTF8&ASIN=B07ZKTBGR2","-","-"
"Reviewed in the United States on November 13, 2021","Anna","yes","-","Easy to use!","Very easy to use! The gems stayed on all night long and until the morning. They are easy to take off, just brush them off or pick them off.",5,"-","-","https://www.amazon.com/gp/customer-reviews/R204GH01LWARBY/ref=cm_cr_getr_d_rvw_ttl?ie=UTF8&ASIN=B07ZKTBGR2","-","-"
"Reviewed in the United States on May 28, 2021","WENDY","yes","-","Cute!","Fast shipping thanks",5,"-","-","https://www.amazon.com/gp/customer-reviews/R2GH10ST58K6RE/ref=cm_cr_getr_d_rvw_ttl?ie=UTF8&ASIN=B07ZKTBGR2","-","-"
"Reviewed in the United States on January 5, 2021","WE","yes","-","Christmas gift","Gift for my niece",5,"-","-","https://www.amazon.com/gp/customer-reviews/RX8D7OLLEXEVZ/ref=cm_cr_getr_d_rvw_ttl?ie=UTF8&ASIN=B07ZKTBGR2","-","-"
"Reviewed in the United States on January 28, 2021","Kacey","yes","-","Fun for kids","My daughter loves it!",5,"-","-","https://www.amazon.com/gp/customer-reviews/R19HUTMAF874OE/ref=cm_cr_getr_d_rvw_ttl?ie=UTF8&ASIN=B07ZKTBGR2","-","-"
"Reviewed in the United States on July 21, 2022","Regina Martinez","yes","-","So cute!!!","Got this for my daughter and she is OBSESSED! It's so easy to use and so perfect for occasions!",5,"-","-","https://www.amazon.com/gp/customer-reviews/R24Q900OHJHFXK/ref=cm_cr_getr_d_rvw_ttl?ie=UTF8&ASIN=B07ZKTBGR2","-","-"
"Reviewed in the United States on July 2, 2020","Amazon Customer","yes","-","Kid Approved","My 5yr old loves this! She isn't disappointed one bit! She has blinged everything including the dog!",5,"-","-","https://www.amazon.com/gp/customer-reviews/R2EHN4HKZJJKHR/ref=cm_cr_getr_d_rvw_ttl?ie=UTF8&ASIN=B07ZKTBGR2","-","-"
"Reviewed in the United States on January 21, 2021","Janice Rangel","yes","-","Waste of money and not easy to use.","It not as easy to use as seen on camera also when my daughter finally gets it in her hair it fall out all over the house.",1,"-","-","https://www.amazon.com/gp/customer-reviews/R11NUQNRWF66PN/ref=cm_cr_getr_d_rvw_ttl?ie=UTF8&ASIN=B07ZKTBGR2","-","-"
"Reviewed in the United States on September 9, 2020","Amazon Customer","yes","-","Nice","Granddaughter loves it",5,"-","-","https://www.amazon.com/gp/customer-reviews/R1JX3U6F6QQ7RP/ref=cm_cr_getr_d_rvw_ttl?ie=UTF8&ASIN=B07ZKTBGR2","-","-"
"Reviewed in the United States on October 31, 2021","Jeff Carey","yes","-","My granddaughters loved this","Fairly easy to use and granddaughters fought over it. The little pieces ended up on the floor and kept us busy cleaning them up but worth it",5,"-","-","https://www.amazon.com/gp/customer-reviews/R32FIXSNPLPDE3/ref=cm_cr_getr_d_rvw_ttl?ie=UTF8&ASIN=B07ZKTBGR2","-","-"
"Reviewed in the United States on January 7, 2021","Matthew J Lucchese","yes","-","Bad product","This item is horrible. Doesn‚Äôt work as described. Blinker can‚Äôt ‚Äústaple‚Äù gems in to the hair.",1,"-","-","https://www.amazon.com/gp/customer-reviews/R17JQ2MMDI848C/ref=cm_cr_getr_d_rvw_ttl?ie=UTF8&ASIN=B07ZKTBGR2","-","-"
"Reviewed in the United States on December 29, 2020","Sirpfaf","yes","-","Fun craft product","All my granddaughters loved this, ages 6, 8, 10.  The jewels stick nice but super easy to come off with no damage to surface.  Super easy to use",5,"-","-","https://www.amazon.com/gp/customer-reviews/R3ARUA4B9ZOEIG/ref=cm_cr_getr_d_rvw_ttl?ie=UTF8&ASIN=B07ZKTBGR2","-","-"
"Reviewed in the United States on October 3, 2020","Natosha Foulks","yes","-","Bday gift","Perfect gift for my 7 year old niece",5,"-","-","https://www.amazon.com/gp/customer-reviews/RQHE06ESBRUB6/ref=cm_cr_getr_d_rvw_ttl?ie=UTF8&ASIN=B07ZKTBGR2","-","-"
"Reviewed in the United States on October 11, 2022","Erin","yes","-","Healing my inner child!","I‚Äôve always wanted these when I was younger, and now that I‚Äôm older I‚Äôm so happy I can buy these for myself. They could also be a perfect gift for someone in your life! Very easy to use and great value for the money.",5,"-","-","https://www.amazon.com/gp/customer-reviews/RBY6UIGMETO9H/ref=cm_cr_getr_d_rvw_ttl?ie=UTF8&ASIN=B07ZKTBGR2","-","-"
"Reviewed in the United States on January 6, 2021","Tathys","-","-","cute","they love it",4,"-","-","https://www.amazon.com/gp/customer-reviews/R23NE5KBQ1C529/ref=cm_cr_getr_d_rvw_ttl?ie=UTF8&ASIN=B07ZKTBGR2","-","-"
"Reviewed in Mexico on February 16, 2023","Aylin","yes","-","Bonito y funciona bien","Me hubiera gustado que trajera m√°s repuestos, trae muy pocos",5,"-","-","-","-","-"
"Reviewed in Mexico on December 30, 2022","Viridiana","yes","-","Bling","Lo compr√© para mi (adulta con cabello largo y grueso) y creo que funciona mejor para infantes pero a√∫n as√≠ est√° cool.",5,"-","-","-","-","-"
"Reviewed in Canada on July 15, 2022","AG","yes","-","Easy use and last for days","My daughter has had the gems in for multiple days in a row, lasting through swimming in our pool and a day at the lake. She put some on our dog and 3 days later they‚Äôre still on.  They‚Äôre easy to take out without pulling the hair and can sometimes be re-used. Very easy for 6 year old to use.  Will be buying more for birthday gifts for her friends.",5,"-","-","-","-","-"
"Reviewed in Canada on October 2, 2022","Mic","yes","-","Too expensive","Too expensive",3,"-","-","-","-","-"
"Reviewed in Mexico on December 2, 2022","Anna","yes","-","Excelente","La verdad es que es justo como lo esperaba, lo us√© para un festival musical en el que cant√©, grit√©, bail√© y sud√©, por horas, incluso despu√©s me amarr√© el cabello y los brillitos segu√≠an en su lugar",5,"-","-","-","-","-"
"Reviewed in Australia on June 26, 2022","SoGeo","yes","-","Huge hit with kids and adults","Everyone except the dog loved this (he doesn‚Äôt like the clicking noise) - extremely easy to use and lots of fun. The stickers have great staying power and look very cute. The 8 year old birthday girl, her friends and even the adults had so much fun bejewelling our hair and sparkling all night. It works perfectly.",5,"-","-","-","-","-"
"Reviewed in Mexico on September 25, 2022","Ivon Ruiz","yes","-","Divertido pero mal pegamento","Esta divertido pero las piedras se caen con mucha facilidad, no necesitas tocarlas para q se caigan porque caen por s√≠ solas y a pesar de q tengo prime tuve problemas con el env√≠o x parte del vendedor, aunque Amazon me resolvi√≥ r√°pido.",3,"-","-","-","-","-"
"Reviewed in Mexico on September 16, 2022","Oswaldo Meza Barcenas","yes","-","Nada parecido","No se parece nada, en la publicaci√≥n se ve una caja grande y de muy buena calidad.Pero ya en vivo se ve muy distinto.Nada que ver con lo publicado.",3,"-","-","-","-","-"
"Reviewed in Australia on September 29, 2022","molly spunner","yes","-","Not what is shown in pictures","This product didn't come in a big box like shown, does not have the number of gems that it says it had. I now have to buy more elsewhere. Not happy that it wasn't as shown.",3,"-","-","-","-","-"
"Reviewed in Mexico on September 19, 2022","vicente","yes","-","Buen producto","Lleg√≥ antes de lo programado y le gusto a mi hija, recomiendo al vendedor",5,"-","-","-","-","-"
"Reviewed in Mexico on September 22, 2022","Cliente de Amazon","yes","-","S√∫per!","Le encant√≥ a mi hija",5,"-","-","-","-","-"
"Reviewed in Mexico on September 21, 2022","Rosy","yes","-","Exclente regalo","Excelente regalo de navidad.",5,"-","-","-","-","-"
"Reviewed in Canada on December 8, 2020","Kelsey","yes","-","That it better work or I will be pissed off","It's a gifted for my niece I am hoping she will love it as for she did want one really bad so I guess I will see on Christmas Day",4,"-","-","-","-","-"
"Reviewed in Canada on March 15, 2022","Amazon Customer","yes","-","Falls out easily","It‚Äôs cute, would not pay full price for it as the gems fall out so easy.",2,"-","-","-","-","-"
"Reviewed in Canada on January 22, 2021","Amanda","yes","-","Use your imagination and bling away","I really liked this product. I am an adult and bought this product for myself. I put it on my wallet. I also put it on a headband. Also it looks cute added to you just your running shoes.",5,"-","-","-","-","-"
"Reviewed in Australia on September 10, 2022","RhiRhiRhiRhi","yes","-","Product is not as advertised.","This is a hugely misleading product in the advertised pictures above. What I received was a tiny box with the jewel machine and 8 jewel discs (120 jewels in total). This is no where the advertised picture of a much larger box and 225 jewels. Even the second product option (which is more expensive) advertises 150 jewels so you can't even say that there was a product mix up as what I have received doesn't match either advertised. Extremely poor advertising and marketing on the seller's behalf, very unhappy with this purchase.",1,"https://m.media-amazon.com/images/I/71smjwc3uNL.jpg","-","-","-","-"
"Reviewed in Canada on January 19, 2021","Jessica","yes","-","Nice","Easy and fun",5,"-","-","-","-","-"
"Reviewed in Australia on August 28, 2022","DaniellaDaniella","yes","-","Item is not as advertised","The item was not as featured and does not contain the same number of gems. The box does not feature the Blinger name brand.",1,"https://m.media-amazon.com/images/I/61Zm+bicMqL.jpg","-","-","-","-"
"Reviewed in Australia on August 26, 2022","Evonne M Kent","yes","-","Not as described","Item is the size of a card and damaged. I bought this as a present but now can‚Äôt use. Terrible marketing. Very misleading.",1,"-","-","-","-","-"
"Reviewed in Mexico on September 2, 2022","Silvia M.","yes","-","P√©simo,  Useless","P√©simo . Es lo mismo que s√≠ los pegaras con la mano. A veces se quedan pegadas en la maquinita y no en el pelo. La compra m√°s innecesaria",1,"-","-","-","-","-"
"Reviewed in Mexico on September 9, 2022","Berenice","yes","-","üß∏","C√≥mo juguete est√° bien para una ni√±as peque√±a..",1,"-","-","-","-","-"
"Reviewed in Mexico on December 30, 2020","DAMARIS GUAJARDO","yes","-","Especial para ni√±as","Facil de usar y a mi hija le encanto",5,"-","-","-","-","-"
